{
    "0": {
        "down": 1,
        "up": 16,
        "parameter": [
            0.0,
            0.96545547408888133,
            0.0,
            0.0,
            0.0,
            0.0,
            0.35340683473208651,
            -0.10482929160178783,
            0.0,
            0.0,
            0.81014244304422944
        ]
    },
    "1": {
        "down": 16,
        "up": 36,
        "parameter": [
            0.0,
            0.91746007079178338,
            0.0,
            0.0,
            0.0,
            0.0,
            -0.024193300993469526,
            0.0018685499557499043,
            0.0,
            0.0,
            0.26759393806611503
        ]
    },
    "2": {
        "down": 36,
        "up": 96,
        "parameter": [
            0.0,
            0.91746007079178338,
            0.0,
            0.0,
            0.0,
            0.0,
            -0.024193300993469526,
            0.0018685499557499043,
            0.0,
            0.0,
            0.26759393806611503
        ]
    },
    "3": {
        "down": 96,
        "up": 9999999,
        "parameter": [
            0.0,
            0.999143734038895,
            0.0,
            0.0,
            0.0,
            0.0,
            -0.046005926445078463,
            0.002536162671844941,
            0.0,
            0.0,
            0.94969913470646417
        ]
    }
}